# name, mass1, mass2, dens, name1, name2, tDebye, esurf
# density of N = 3.481, but 22.59 gives the correct density of Si3N4
# density of O = 4.302, but 8.759 gives correct density of SiO2
H, 1.0078, 1.008, 4.271, HYDROGEN, HYDROGEN, 110., 0.
HE, 4.0026, 4.0026, 1.894, HELIUM, HELIUM, 0., 0.
LI, 7.016, 6.939, 4.597, LITHIUM, LITHIUM, 344., 1.67
BE, 9.012, 9.0122, 12.046, BERYLLIUM, BERYLLIUM, 1440., 3.38
B, 11.009, 10.811, 13.093, BORON, BORON, 1250., 5.73
C, 12., 12.011, 11.364, CARBON, CARBON, 2230., 7.41
N, 14.003, 14.007, 22.59, NITROGEN, NITROGEN, 0., 0.
O, 15.995, 15.999, 8.759, OXYGEN, OXYGEN, 0., 0.
F, 18.998, 18.998, 3.522, FLUORINE, FLUORINE, 0., 0.
NE, 19.992, 20.183, 3.585, NEON, NEON, 75., 0.
NA, 22.99, 22.989, 2.541, SODIUM, NATRIUM, 158., 1.12
MG, 23.985, 24.312, 4.302, MAGNESIUM, MAGNESIUM, 400., 1.54
AL, 26.982, 26.981, 6.023, ALUMINIUM, ALUMINUM, 428., 3.36
SI, 27.977, 28.086, 4.994, SILICON, SILICON, 493.6, 4.70
P, 30.994, 30.973, 3.542, PHOSPHORUS, PHOSPHORUS, 0., 3.27
S, 31.97, 32.064, 3.885, SULFUR, SULFUR, 0., 2.88
CL, 34.969, 35.453, 3.22, CHLORINE, CHLORINE, 0., 0.
AR, 39.98, 39.948, 2.488, ARGON, ARGON, 92., 0.
K, 38.96, 39.102, 1.329, POTASSIUM, KALIUM, 91., 0.93
CA, 39.96, 40.08, 2.014, CALCIUM, CALCIUM, 230., 1.83
SC, 44.956, 44.956, 4.015, SCANDIUM, SCANDIUM, 360., 3.49
TI, 47.95, 47.9, 5.682, TITANIUM, TITANIUM, 420., 4.89
V, 50.94, 50.942, 7.213, VANADIUM, VANADIUM, 380., 5.33
CR, 51.94, 51.996, 8.33, CHROMIUM, CHROMIUM, 630., 4.12
MN, 54.94, 54.938, 8.15, MANGANESE, MANGANESE, 410., 2.98
FE, 55.94, 55.847, 8.483, IRON, IRON, 470., 4.34
CO, 58.93, 58.933, 8.989, COBALT, COBALT, 445., 4.43
NI, 57.94, 58.71, 9.125, NICKEL, NICKEL, 450., 4.46
CU, 62.93, 63.54, 8.483, COPPER, COPPER, 343., 3.52
ZN, 63.93, 65.37, 6.546, ZINC, ZINC, 327., 1.35
GA, 68.93, 69.72, 5.104, GALLIUM, GALLIUM, 320., 2.82
GE, 73.92, 72.59, 4.428, GERMANIUM, GERMANIUM, 374., 3.88
AS, 74.92, 74.922, 4.597, ARSENIC, ARSENIC, 282., 1.26
SE, 79.92, 78.96, 3.65, SELENIUM, SELENIUM, 90., 2.14
BR, 78.92, 79.909, 2.562, BROMINE, BROMINE, 0., 0.
KR, 83.92, 83.8, 1.87, KRYPTON, KRYPTON, 72., 0.
RB, 84.91, 85.47, 1.077, RUBIDIUM, RUBIDIUM, 56., 0.86
SR, 87.91, 87.62, 1.787, STRONTIUM, STRONTIUM, 147., 1.70
Y, 89.91, 88.905, 3.041, YTTRIUM, YTTRIUM, 280., 4.24
ZR, 89.9, 91.22, 4.271, ZIRCONIUM, ZIRCONIUM, 291., 6.33
NB, 92.91, 92.906, 5.576, NIOBIUM, NIOBIUM, 275., 7.59
MO, 95.95, 95.94, 6.407, MOLYBDENUM, MOLYBDENUM, 450., 6.83
TC, 0., 99., 0., TECHNETIUM, TECHNETIUM, 453., 0.
RU, 101.9, 101.07, 7.256, RUTHENIUM, RUTHENIUM, 600., 6.69
RH, 102.9, 102.91, 7.256, RHODIUM, RHODIUM, 480., 5.78
PD, 105.9, 106.4, 6.767, PALLADIUM, PALLADIUM, 274., 3.91
AG, 106.9, 107.87, 5.847, SILVER, SILVER, 225., 2.97
CD, 113.9, 112.4, 4.597, CADMIUM, CADMIUM, 209., 1.16
IN, 114.9, 114.82, 3.836, INDIUM, INDIUM, 108., 2.49
SN, 119.9, 118.69, 3.695, TIN, TIN, 200., 3.12
SB, 120.9, 121.75, 3.273, ANTIMONY, STIBIUM, 211., 2.72
TE, 130., 127.6, 2.938, TELLURIUM, TELLURIUM, 153., 2.02
I, 126.9, 126.9, 2.343, IODINE, IODINE, 0., 0.
XE, 129.5, 131.3, 1.403, XENON, XENON, 64., 0.
CS, 134., 132.91, 0.86, CAESIUM, CAESIUM, 38., 0.81
BA, 138., 137.34, 1.544, BARIUM, BARIUM, 110., 1.84
LA, 139., 138.91, 2.676, LANTHANUM, LANTHANUM, 142., 4.42
CE, 140., 140.12, 2.868, CERIUM, CERIUM, 0., 4.23
PR, 141., 140.91, 2.895, PRASEODYMIUM, PRASEODYMIUM, 0., 3.71
ND, 142., 144.24, 2.932, NEODYMIUM, NEODYMIUM, 0., 3.28
PM, 0., 147., 0., PROMETHIUM, PROMETHIUM, 0., 0.
SM, 152., 150.35, 3.026, SAMARIUM, SAMARIUM, 166., 2.16
EU, 153., 151.96, 2.084, EUROPIUM, EUROPIUM, 0., 1.85
GD, 157.9, 157.25, 3.026, GADOLINIUM, GADOLINIUM, 200., 3.57
TB, 159.9, 158.92, 3.136, TERBIUM, TERBIUM, 0., 3.81
DY, 164., 162.5, 3.17, DYSPROSIUM, DYSPROSIUM, 210., 2.89
HO, 165., 164.93, 3.22, HOLMIUM, HOLMIUM, 0., 3.05
ER, 166., 167.26, 3.273, ERBIUM, ERBIUM, 0., 3.05
TM, 169., 168.93, 3.327, THULIUM, THULIUM, 0., 2.52
YB, 174., 173.04, 2.428, YTTERBIUM, YTTERBIUM, 120., 1.74
LU, 175., 174.97, 3.383, LUTETIUM, LUTETIUM, 210., 4.29
HF, 180., 178.49, 4.428, HAFNIUM, HAFNIUM, 252., 6.31
TA, 181., 180.95, 5.525, TANTALUM, TANTALUM, 240., 8.10
W, 184., 183.85, 6.32, TUNGSTEN, WOLFRAM, 400., 8.68
RE, 187., 186.2, 6.805, RHENIUM, RHENIUM, 430., 8.09
OS, 192., 190.2, 7.144, OSMIUM, OSMIUM, 500., 8.13
IR, 193., 192.2, 7.052, IRIDIUM, IRIDIUM, 420., 6.90
PT, 195., 195.09, 6.618, PLATINUM, PLATINUM, 240., 5.86
AU, 197., 196.97, 5.904, GOLD, GOLD, 165., 3.80
HG, 202., 200.59, 4.069, MERCURY, MERCURY, 71.9, 0.64
TL, 205., 204.37, 3.501, THALLIUM, THALLIUM, 78.5, 1.88
PB, 208., 207.19, 3.291, LEAD, LEAD, 105., 2.03
BI, 209., 208.98, 2.827, BISMUTH, BISMUTH, 119., 2.17
PO, 210., 210., 2.653, POLONIUM, POLONIUM, 0., 1.50
AT, 210., 210., 0., ASTATINE, ASTATINE, 0., 0.
RN, 222., 222., 0., RADON, RADON, 0., 0.
FR, 223., 223., 0., FRANCIUM, FRANCIUM, 0., 0.
RA, 226., 226., 1.338, RADIUM, RADIUM, 0., 0.
AC, 227., 227., 0., ACTINIUM, ACTINIUM, 0., 0.
TH, 232., 232., 3.026, THORIUM, THORIUM, 163., 5.93
PA, 231., 231., 4.015, PROTACTINIUM, PROTACTINIUM, 0., 0.
U, 238.04, 238.04, 4.818, URANIUM, URANIUM, 207., 5.42